{"cameraMode":{"drawMode":0,"name":"Shaded","section":"Shading Mode"},"sceneLighting":false,"audioPlay":false,"sceneViewState":{"m_AlwaysRefresh":false,"showFog":true,"showSkybox":false,"showFlares":true,"showImageEffects":true,"showParticleSystems":true,"showVisualEffectGraphs":true,"m_FxEnabled":true},"in2DMode":false,"pivot":{"x":0.027273893356323243,"y":1.8753821849822999,"z":0.07047200202941895},"rotation":{"x":-0.35489195585250857,"y":0.5031310319900513,"z":-0.2376699298620224,"w":-0.7512824535369873},"size":2.2096974849700929,"orthographic":false}