{"cameraMode":{"drawMode":0,"name":"Shaded","section":"Shading Mode"},"sceneLighting":false,"audioPlay":false,"sceneViewState":{"m_AlwaysRefresh":false,"showFog":true,"showSkybox":false,"showFlares":true,"showImageEffects":true,"showParticleSystems":true,"showVisualEffectGraphs":true,"m_FxEnabled":true},"in2DMode":false,"pivot":{"x":-0.09743762016296387,"y":-0.5462249517440796,"z":0.000008016824722290039},"rotation":{"x":-0.20896358788013459,"y":0.7156077027320862,"z":-0.24057245254516602,"w":-0.6215837597846985},"size":2.2592451572418215,"orthographic":false}